"variable","horizon","estimate","lower","upper"
"mp_shock",0,1,0.725905745245751,1.13361913581413
"mp_shock",1,0.200778380858565,0.0115966076495695,0.334883243782072
"mp_shock",2,-0.0368068265576216,-0.208689026241186,0.0917407890827119
"mp_shock",3,-0.12397148287016,-0.275124799001079,0.0149418559047647
"mp_shock",4,-0.091964715181473,-0.180878027881935,0.00435119564352683
"mp_shock",5,0.00321345393416399,-0.0735479227749118,0.0906871825896807
"mp_shock",6,0.0258564340766186,-0.0203566231764468,0.0999609080027269
"mp_shock",7,0.0173804334895095,-0.021309927409124,0.066688686092087
"mp_shock",8,0.00335875039977071,-0.0307095088312276,0.0347919578708838
"mp_shock",9,-0.00530950928377527,-0.0336699638951528,0.0126158902473138
"mp_shock",10,-0.00411201678812532,-0.0252754213910295,0.00936748777457709
"mp_shock",11,-0.00103862007525311,-0.0136217881342039,0.0124739035001574
"mp_shock",12,0.000781618138980022,-0.00533145354293107,0.0129494655339712
"mp_shock",13,0.000947033231232193,-0.00389071538929034,0.0102401418627578
"mp_shock",14,0.000330393580048009,-0.00406308020588737,0.00600520288293529
"mp_shock",15,-9.528503050745e-05,-0.00406562977030082,0.00301356499075901
"mp_shock",16,-0.00016700871156349,-0.00310475609786821,0.00215210462621725
"mp_shock",17,-6.28584440026453e-05,-0.00205252610948545,0.00193565899545265
"mp_shock",18,3.70988583222531e-05,-0.0011948767906037,0.00182135641702318
"mp_shock",19,6.38745435450933e-05,-0.00101806416800321,0.00145316730724383
"mp_shock",20,4.69579323321351e-05,-0.000903956448852647,0.00109130091789728
"mp_shock",21,2.60192776160327e-05,-0.00085935717507834,0.000872604493064242
"mp_shock",22,1.80059253777006e-05,-0.000710371063815719,0.000695963456729588
"mp_shock",23,2.02726871533371e-05,-0.000663168961645836,0.000739718521403723
"mp_shock",24,2.45388560339109e-05,-0.000524537733273085,0.000673363898106385
"mp_shock",25,2.64924446448171e-05,-0.000501536517141957,0.000604659122822838
"mp_shock",26,2.61746287577153e-05,-0.000515664846622839,0.000561051364768225
"mp_shock",27,2.51559502560662e-05,-0.000516601169865475,0.000567038410118746
"mp_shock",28,2.44936259604809e-05,-0.000513538850627609,0.000560995377781912
"mp_shock",29,2.43138477189289e-05,-0.000487832028087626,0.00052912715180472
"mp_shock",30,2.43274668326725e-05,-0.000481852246445013,0.000531628293395917
"real_gdp",0,0,0,0
"real_gdp",1,-0.383627953503547,-0.784714899528899,0.0811418825014041
"real_gdp",2,-0.359895611130959,-0.883878912555438,0.271820766605989
"real_gdp",3,-0.0158288077435198,-0.652488699605784,0.698096844253669
"real_gdp",4,0.0342587379373086,-0.635867033124444,0.717549956069334
"real_gdp",5,0.013343565658395,-0.624302057172579,0.665914517260709
"real_gdp",6,-0.0580261272610538,-0.696200462041638,0.595635047286234
"real_gdp",7,-0.102545405582162,-0.730668798510809,0.567027267710198
"real_gdp",8,-0.107127089021714,-0.7432806698813,0.579941465253972
"real_gdp",9,-0.0997708971369644,-0.74707890421234,0.588240996517839
"real_gdp",10,-0.0936616378599193,-0.735465446265947,0.589531484271163
"real_gdp",11,-0.0930139671283321,-0.73426817423744,0.584194238628033
"real_gdp",12,-0.0954133065685833,-0.732797392931422,0.576312204627527
"real_gdp",13,-0.0970748167175858,-0.730721950847014,0.575094015381484
"real_gdp",14,-0.0973067713607126,-0.727578368702979,0.57392328351043
"real_gdp",15,-0.0966089071147863,-0.721883419621083,0.569442280628386
"real_gdp",16,-0.0957592838040422,-0.718186206845385,0.569864059789674
"real_gdp",17,-0.0951108880897148,-0.714030581247348,0.564945351014723
"real_gdp",18,-0.0946127400450644,-0.710909877523318,0.563267317273055
"real_gdp",19,-0.0941323785297366,-0.705891113754268,0.559117436046562
"real_gdp",20,-0.0936000535185066,-0.70083964362245,0.557615694828388
"real_gdp",21,-0.0930212875347069,-0.695816101586596,0.555387841441101
"real_gdp",22,-0.0924290493550542,-0.690812705234688,0.551291865414482
"real_gdp",23,-0.0918437269244175,-0.685837323273694,0.550128965214054
"real_gdp",24,-0.0912686925233489,-0.68089297166494,0.548922738112211
"real_gdp",25,-0.0906993824490463,-0.675978938238677,0.547640757379769
"real_gdp",26,-0.09013193598271,-0.671098434629619,0.545101929137845
"real_gdp",27,-0.0895657218195193,-0.668007933791008,0.542573967643334
"real_gdp",28,-0.0890018358808342,-0.665829180233959,0.539921738210773
"real_gdp",29,-0.0884413347570829,-0.661011670149056,0.536871922078857
"real_gdp",30,-0.0878845825758062,-0.65370866269488,0.531975476489071
"inflation",0,0,0,0
"inflation",1,-0.0116497849289218,-0.144496252883882,0.111687078416385
"inflation",2,0.255306357780635,0.0940342068480039,0.3788975382736
"inflation",3,0.169038014384889,-0.0061120790650513,0.300362146875561
"inflation",4,0.0930114217347956,-0.0312862578113606,0.17683893873886
"inflation",5,0.0406693145264258,-0.0571403893731787,0.102867281596136
"inflation",6,0.0062356219203919,-0.060563389072546,0.0493570597111659
"inflation",7,0.00854715182271634,-0.0441987162128386,0.0397468104043586
"inflation",8,0.0101836578887268,-0.0249958229671002,0.0395356405929128
"inflation",9,0.0092426767358467,-0.011125393479047,0.0329673784787959
"inflation",10,0.00620097388325753,-0.0075727019363373,0.0259987781518727
"inflation",11,0.00266201917996804,-0.00796036286657764,0.0166968046705097
"inflation",12,0.000949452394985425,-0.00713991958012667,0.0105532495511713
"inflation",13,0.000451017904660496,-0.00526595846304047,0.00828224710256714
"inflation",14,0.000412113648364942,-0.00376137672757101,0.00697072283853478
"inflation",15,0.000390473021120337,-0.00211281322601528,0.00570439679862511
"inflation",16,0.00024012656856559,-0.00182691352228624,0.00407978463212869
"inflation",17,7.56141856619553e-05,-0.00171568644822146,0.00295839843835667
"inflation",18,-3.26365342472702e-05,-0.0017621024612737,0.00241729852236129
"inflation",19,-7.86122272760895e-05,-0.00171671614332667,0.00196385980465213
"inflation",20,-8.94824404746659e-05,-0.00154602105711656,0.00157701948703449
"inflation",21,-9.32185616723081e-05,-0.00158541115746826,0.0014864348675033
"inflation",22,-9.94091473026735e-05,-0.00150868573537216,0.00135499848743391
"inflation",23,-0.000106856018755651,-0.00141562730849528,0.00118696998122092
"inflation",24,-0.000112420983421534,-0.00143870803524571,0.00116037743781603
"inflation",25,-0.000114990276903612,-0.00143607264444896,0.00114335079985835
"inflation",26,-0.000115516185426498,-0.00138453111641675,0.00110681188003718
"inflation",27,-0.000115264440290718,-0.00139442460573293,0.00107629029081864
"inflation",28,-0.000114923581365406,-0.00139146378987947,0.00105718020203753
"inflation",29,-0.000114615254946139,-0.00140828606529912,0.00101875951859883
"inflation",30,-0.000114238900550175,-0.00142062046034806,0.00101392949634818
"price_level",0,0,0,0
"price_level",1,-0.0116497849289218,-0.144496252883882,0.111687078416385
"price_level",2,0.243656572851714,-0.00877812816736451,0.446592445134046
"price_level",3,0.412694587236603,0.0516026381358643,0.673861665563987
"price_level",4,0.505706008971399,0.0535174086206976,0.822227675314984
"price_level",5,0.546375323497824,0.0490448563382029,0.889225825474905
"price_level",6,0.552610945418216,0.0504312053125418,0.907076892213249
"price_level",7,0.561158097240933,0.0470753351065942,0.939166918969629
"price_level",8,0.571341755129659,0.0530902983568489,0.948759072934388
"price_level",9,0.580584431865506,0.0569718614794034,0.970274308534725
"price_level",10,0.586785405748764,0.0544575593163765,0.98775779761091
"price_level",11,0.589447424928732,0.0529138412265093,1.00716771689388
"price_level",12,0.590396877323717,0.0587549456164689,1.00974709402428
"price_level",13,0.590847895228377,0.0577091318053266,1.01338541152138
"price_level",14,0.591260008876742,0.056879201803327,1.01419992399668
"price_level",15,0.591650481897863,0.0570666004487112,1.01249672308933
"price_level",16,0.591890608466428,0.0570683570833336,1.01411309743472
"price_level",17,0.59196622265209,0.0575853924624934,1.01581028182161
"price_level",18,0.591933586117843,0.0574903953125884,1.01555364670919
"price_level",19,0.591854973890567,0.0571789705870613,1.01451225104229
"price_level",20,0.591765491450092,0.0569104107495908,1.01371688578678
"price_level",21,0.59167227288842,0.0566885182098648,1.01201374732877
"price_level",22,0.591572863741117,0.0564631279635769,1.01030011358732
"price_level",23,0.591466007722362,0.0562290614288842,1.0093207268539
"price_level",24,0.59135358673894,0.0559915994615683,1.00916721133479
"price_level",25,0.591238596462037,0.0557560659771757,1.00858601856537
"price_level",26,0.59112308027661,0.0555242851708895,1.00799870839595
"price_level",27,0.591007815836319,0.0553020672556334,1.00741421869197
"price_level",28,0.590892892254954,0.0550998089342661,1.00683654546357
"price_level",29,0.590778277000008,0.0546627161683554,1.00626660362921
"price_level",30,0.590664038099458,0.053925943740969,1.00570361942905
